EPIC ID, RA (J2000) [deg], Dec (J2000) [deg], magnitude, Investigation IDs
202059521, 91.91048, 24.49783, 20.0, GO0008_LC
201103788, 180.606856, -6.484078, 15.074, GO10030_LC|GO10054_LC|GO10030_SC
201181297, 183.264026, -4.545493, 16.078, GO10030_LC|GO10054_LC
201217402, 184.111652, -3.705593, 17.129, GO10030_LC|GO10054_LC
201250232, 181.26615, -3.203564, 16.417, GO10030_LC|GO10054_LC
201295866, 184.182788, -2.513221, 17.993, GO10030_LC|GO10054_LC
201299167, 180.719323, -2.463418, 17.213, GO10030_LC|GO10054_LC
201317801, 182.026723, -2.186875, 17.192, GO10030_LC|GO10054_LC
201345209, 183.915461, -1.778408, 17.822, GO10030_LC|GO10054_LC
201422946, 183.955781, -0.610763, 17.373, GO10030_LC|GO10054_LC
201425001, 183.369901, -0.579258, 17.874, GO10030_LC|GO10054_LC
201482905, 180.992195, 0.263915, 15.352, GO10030_LC|GO10054_LC
201484170, 180.956802, 0.282596, 18.006, GO10030_LC|GO10054_LC
201658777, 185.365446, 2.955518, 14.497, GO10056_LC|GO10030_LC|GO10054_LC|GO10030_SC
228730045, 188.076144, -9.863962, 15.06, GO10030_LC|GO10054_LC|GO10030_SC
228754562, 185.461104, -8.72214, 14.849, GO10056_LC|GO10030_LC|GO10054_LC|GO10030_SC
228803953, 186.814397, -6.612746, 15.553, GO10030_LC|GO10054_LC|GO10030_SC
228876276, 187.605003, -3.678934, 16.934, GO10030_LC|GO10054_LC
228884768, 187.649455, -3.538441, 17.875, GO10030_LC|GO10054_LC
228971161, 188.132677, -2.010869, 18.289, GO10030_LC|GO10054_LC
229006253, 193.724709, -1.379858, 17.385, GO10030_LC|GO10054_LC|GO10069_LC
229052381, 187.019545, -0.378124, 18.076, GO10030_LC|GO10054_LC
229100074, 189.365494, 0.778399, 16.661, GO10030_LC|GO10054_LC
229102518, 187.23077, 0.845561, 17.08, GO10030_LC|GO10054_LC
229146028, 191.194224, 1.904299, 17.387, GO10030_LC|GO10054_LC
229164833, 188.003554, 2.395588, 17.417, GO10030_LC|GO10054_LC
201461944, 168.3206, -0.046323, 16.507, GO1010_LC|GO1075_LC|GO1060_LC|GO1044_SC
201548872, 167.541711, 1.270302, 17.866, GO1010_LC|GO1060_LC|GO1075_LC|GO1011_SC
201553946, 171.563697, 1.346715, 18.484, GO1010_LC|GO1075_LC|GO1044_SC
201601339, 177.020919, 2.064157, 16.977, GO1010_LC|GO1060_LC|GO1075_LC|GO1044_SC
201755836, 179.586558, 4.583749, 18.465, GO1010_LC
201828049, 169.793604, 5.880136, 18.321, GO1010_LC|GO1075_LC
201831393, 171.27094, 5.945115, 16.993, GO1010_LC|GO1075_LC|GO1044_SC
201461944, 168.3206, -0.046323, 16.507, GO1010_LC|GO1075_LC|GO1060_LC|GO1044_SC
201553946, 171.563697, 1.346715, 18.484, GO1010_LC|GO1075_LC|GO1044_SC
201601339, 177.020919, 2.064157, 16.977, GO1010_LC|GO1060_LC|GO1075_LC|GO1044_SC
201831393, 171.27094, 5.945115, 16.993, GO1010_LC|GO1075_LC|GO1044_SC
230214048, 256.940496, -17.747877, 17.816, GO11029_LC|GO11042_LC
236324763, 261.669599, -27.633142, 14.729, GO11029_LC|GO11042_LC
200164267, , , , GO12022_SC|GO12029_SC|GO12032_SC|GO12039_SC|GO12042_SC|GO12046_SC|GO12123_SC|TRAPPIST
245953430, 348.198378, -10.747289, 16.234, GO12042_LC|GO12022_LC|GO12029_LC
245956835, 352.019149, -10.645902, 18.584, GO12042_LC|GO12022_LC|GO12029_LC
245970317, 353.36262, -10.271108, 17.199, GO12042_LC|GO12022_LC|GO12029_LC
245985652, 354.687131, -9.855343, 17.238, GO12042_LC|GO12022_LC|GO12029_LC
245995471, 354.059277, -9.601832, 14.716, GO12042_LC|GO12018_LC|GO12022_LC|GO12029_LC
245997252, 354.319311, -9.556982, 14.741, GO12042_LC|GO12022_LC|GO12029_LC
246013537, 355.577451, -9.139111, 17.415, GO12042_LC|GO12022_LC|GO12029_LC
246015548, 355.777729, -9.086077, 16.912, GO12042_LC|GO12022_LC
246016138, 355.334127, -9.070174, 17.711, GO12042_LC|GO12022_LC|GO12029_LC
246034587, 350.637352, -8.610817, 18.669, GO12042_LC|GO12022_LC|GO12029_LC
246036729, 358.497601, -8.559856, 18.494, GO12042_LC|GO12042_SC
246036782, 358.497759, -8.558652, 14.365, GO12042_LC|GO12022_LC|GO12029_LC|GO12903_LC
246080803, 356.02603, -7.557845, 16.207, GO12042_LC|GO12022_LC|GO12029_LC
246199087, 346.622013, -5.041274, 12.917, GO12039_LC|GO12042_LC|GO12032_LC|GO12022_LC|GO12123_LC|GO12029_LC|GO12046_LC|GO12046_SC
246303486, 351.48352, -2.997467, 17.454, GO12042_LC|GO12022_LC|GO12029_LC
246322698, 349.336351, -2.608977, 16.459, GO12042_LC|GO12018_LC|GO12022_LC|GO12123_LC|GO12029_LC
246393886, 353.123909, -1.177149, 16.022, GO12111_LC|GO12042_LC|GO12022_LC
246395463, 348.504421, -1.132975, 17.945, GO12042_LC|GO12022_LC|GO12029_LC
246395512, 351.941078, -1.131444, 17.606, GO12042_LC|GO12022_LC
246401499, 353.03473, -0.951729, 17.948, GO12042_LC|GO12022_LC|GO12029_LC
246403896, 347.178877, -0.874783, 17.794, GO12042_LC|GO12022_LC|GO12029_LC
246404848, 348.747522, -0.843464, 16.532, GO12042_LC|GO12022_LC
246404954, 353.101547, -0.840333, 14.981, GO12042_LC|GO12022_LC|GO12029_LC
246405614, 347.915953, -0.820017, 16.851, GO12042_LC|GO12022_LC|GO12029_LC
246407066, 350.792798, -0.776725, 18.668, GO12042_LC|GO12022_LC|GO12029_LC
246409729, 347.506833, -0.696223, 18.269, GO12042_LC|GO12022_LC|GO12029_LC
246414315, 352.785505, -0.553245, 17.859, GO12042_LC|GO12022_LC
246416841, 348.181325, -0.474476, 18.441, GO12042_LC|GO12022_LC
246420090, 350.241469, -0.371329, 16.331, GO12042_LC|GO12022_LC|GO12029_LC
246452199, 350.354499, 0.647962, 18.608, GO12042_LC|GO12022_LC|GO12029_LC
246468225, 350.718885, 1.201508, 17.782, GO12042_LC|GO12022_LC|GO12029_LC
246711015, 75.556056, 14.710217, 15.635, GO13029_LC|GO13022_LC|GO13042_LC|GO13042_SC
246794779, 74.837041, 15.684839, 16.576, GO13042_LC
247051861, 68.066961, 18.212874, 12.687, GO13117_LC|GO13029_LC|GO13123_LC|GO13022_LC|GO13009_LC|GO13016_LC|GO13042_LC|GO13086_LC|GO13082_LC|GO13118_LC|GO13042_SC
247581233, 68.964299, 22.819986, 16.933, GO13029_LC|GO13022_LC|GO13009_LC|GO13011_LC|GO13042_LC
247968420, 70.451043, 25.575138, 15.063, GO13117_LC|GO13009_LC|GO13011_LC|GO13042_LC|GO13118_LC
247991214, 69.7665, 25.740671, 18.092, GO13117_LC|GO13009_LC|GO13011_LC|GO13042_LC
248015397, 70.294936, 25.919903, 18.758, GO13117_LC|GO13009_LC|GO13011_LC|GO13042_LC
248018652, 67.73828, 25.9443, 15.903, GO13029_LC|GO13022_LC|GO13009_LC|GO13011_LC|GO13042_LC|GO13042_SC
248029954, 69.947849, 26.027994, 18.808, GO13117_LC|GO13009_LC|GO13011_LC|GO13042_LC|GO13002_LC|GO13086_LC
248044306, 67.530184, 26.139109, 16.415, GO13029_LC|GO13022_LC|GO13009_LC|GO13011_LC|GO13042_LC|GO13042_SC
248051303, 69.56192, 26.194427, 16.61, GO13117_LC|GO13009_LC|GO13011_LC|GO13042_LC
251456966, , , , GO13029_LC|GO13022_LC|GO13042_LC
251456987, , , , GO13042_LC
201453319, 163.195914, -0.171523, 18.078, GO14067_LC|GO14012_LC|GO14018_LC
201528766, 162.55199, 0.967564, 18.125, GO14067_LC|GO14012_LC|GO14018_LC
201573260, 163.942365, 1.634359, 18.651, GO14067_LC|GO14012_LC|GO14018_LC
201575762, 162.600189, 1.672161, 18.221, GO14067_LC|GO14012_LC|GO14018_LC
201580841, 162.586993, 1.747867, 17.823, GO14067_LC|GO14012_LC|GO14018_LC
201581268, 163.618597, 1.75426, 18.112, GO14067_LC|GO14012_LC|GO14018_LC
201693239, 165.436335, 3.525877, 16.553, GO14067_LC|GO14012_LC|GO14018_LC
201705352, 165.354484, 3.729282, 17.714, GO14067_LC|GO14012_LC|GO14018_LC
201744267, 165.007101, 4.384897, 17.488, GO14067_LC|GO14012_LC|GO14018_LC|GO14005_LC
201800829, 163.542809, 5.381282, 17.168, GO14067_LC|GO14012_LC|GO14018_LC
201801587, 164.178972, 5.395744, 18.876, GO14067_LC|GO14012_LC|GO14018_LC
201885041, 164.120109, 7.01454, 11.585, GO14082_LC|GO14025_LC|GO14067_LC|GO14012_LC|GO14072_LC|GO14018_LC|GO14056_LC|GO14030_LC|GO14063_LC|GO14052_LC|GO14005_LC|GO14082_SC|GO14072_SC
248412090, 160.85454, 0.030061, 17.426, GO14067_LC|GO14012_LC|GO14018_LC
248413181, 160.713651, 0.072821, 18.26, GO14067_LC|GO14012_LC|GO14018_LC
248433880, 157.63207, 0.875099, 18.709, GO14067_LC|GO14012_LC|GO14018_LC
248440677, 155.780924, 1.131445, 17.03, GO14067_LC|GO14012_LC|GO14018_LC
248442470, 162.178379, 1.199465, 14.261, GO14067_LC|GO14012_LC|GO14018_LC|GO14018_SC
248445614, 162.254701, 1.319634, 17.621, GO14067_LC|GO14012_LC|GO14018_LC
248448687, 162.343539, 1.433166, 17.366, GO14067_LC|GO14012_LC|GO14018_LC
248450332, 156.27106, 1.485884, 17.884, GO14067_LC|GO14012_LC|GO14018_LC
248452093, 157.915056, 1.54587, 16.248, GO14067_LC|GO14012_LC|GO14018_LC
248455574, 157.679413, 1.666892, 17.915, GO14067_LC|GO14012_LC|GO14018_LC
248456554, 157.882722, 1.705209, 17.739, GO14067_LC|GO14012_LC|GO14018_LC
248459304, 157.571968, 1.804911, 17.553, GO14067_LC|GO14012_LC|GO14018_LC
248463831, 157.682468, 1.952755, 17.049, GO14067_LC|GO14012_LC|GO14018_LC
248464098, 161.031007, 1.961745, 18.132, GO14067_LC|GO14012_LC|GO14018_LC
248484484, 157.815512, 2.644152, 16.898, GO14067_LC|GO14012_LC|GO14018_LC
248498671, 159.012821, 3.10447, 17.469, GO14067_LC|GO14012_LC|GO14018_LC
248519036, 154.176972, 3.716034, 16.654, GO14067_LC|GO14012_LC|GO14018_LC
248523311, 158.523511, 3.837911, 16.091, GO14067_LC|GO14012_LC|GO14018_LC
248525204, 154.956809, 3.889558, 17.916, GO14067_LC|GO14012_LC|GO14018_LC
248525367, 154.133897, 3.894437, 17.519, GO14067_LC|GO14012_LC|GO14018_LC
248547278, 154.997383, 4.474708, 17.753, GO14067_LC|GO14012_LC|GO14018_LC
248548001, 161.039265, 4.493805, 17.368, GO14067_LC|GO14012_LC|GO14018_LC|GO14063_LC
248551923, 154.272234, 4.596045, 18.359, GO14012_LC|GO14018_LC
248559166, 154.4671, 4.792089, 17.926, GO14067_LC|GO14012_LC|GO14018_LC
248561247, 154.099069, 4.8515, 18.114, GO14067_LC|GO14012_LC|GO14018_LC
248565564, 153.78974, 4.969107, 18.433, GO14067_LC|GO14012_LC|GO14018_LC
248567554, 158.071098, 5.017558, 14.998, GO14067_LC|GO14012_LC|GO14018_LC
248570548, 160.148889, 5.091599, 18.326, GO14067_LC|GO14012_LC|GO14018_LC
248574498, 154.383663, 5.197497, 17.943, GO14067_LC|GO14012_LC|GO14018_LC
248580531, 155.26159, 5.356202, 17.752, GO14067_LC|GO14012_LC|GO14018_LC
248592301, 162.561977, 5.674407, 16.706, GO14067_LC|GO14012_LC|GO14018_LC
248597458, 159.817397, 5.80993, 18.255, GO14067_LC|GO14012_LC|GO14018_LC
248600681, 154.796688, 5.891592, 18.363, GO14067_LC|GO14012_LC|GO14018_LC
248602543, 161.186797, 5.936989, 17.763, GO14067_LC|GO14012_LC|GO14018_LC
248604083, 162.661947, 5.975922, 16.445, GO14067_LC|GO14012_LC|GO14018_LC
248604738, 162.917294, 5.992803, 17.953, GO14067_LC|GO14012_LC|GO14018_LC
248609711, 153.678252, 6.117474, 18.273, GO14067_LC|GO14012_LC|GO14018_LC
248615433, 159.535935, 6.261614, 17.598, GO14067_LC|GO14012_LC|GO14018_LC
248621243, 159.492509, 6.410976, 18.017, GO14067_LC|GO14012_LC|GO14018_LC
248622974, 155.68973, 6.453102, 17.818, GO14067_LC|GO14012_LC|GO14018_LC
248623263, 161.80501, 6.460828, 18.841, GO14067_LC|GO14012_LC|GO14018_LC
248624299, 156.940533, 6.486239, 18.173, GO14067_LC|GO14012_LC|GO14018_LC
248631849, 155.090307, 6.676745, 17.608, GO14067_LC|GO14012_LC|GO14018_LC
248638618, 161.225626, 6.846862, 18.268, GO14067_LC|GO14012_LC|GO14018_LC
248648532, 158.108219, 7.088235, 18.564, GO14067_LC|GO14012_LC|GO14018_LC
248651399, 155.102398, 7.15693, 17.349, GO14067_LC|GO14012_LC|GO14018_LC
248653486, 160.831019, 7.209056, 17.635, GO14067_LC|GO14012_LC|GO14018_LC
248655562, 163.819309, 7.258709, 15.263, GO14067_LC|GO14012_LC|GO14018_LC|GO14052_LC
248655628, 153.85461, 7.260646, 17.563, GO14067_LC|GO14012_LC|GO14018_LC
248656132, 154.014349, 7.272909, 18.199, GO14067_LC|GO14012_LC|GO14018_LC
248656573, 163.404629, 7.283172, 17.741, GO14067_LC|GO14012_LC|GO14018_LC
248656932, 162.93829, 7.292343, 18.126, GO14012_LC|GO14018_LC|GO14005_LC
248658559, 158.584494, 7.332827, 17.956, GO14067_LC|GO14012_LC|GO14018_LC
248659481, 154.524064, 7.35573, 18.753, GO14067_LC|GO14012_LC|GO14018_LC
248659647, 162.66375, 7.359687, 17.136, GO14067_LC|GO14012_LC|GO14018_LC|GO14052_LC
248659722, 163.613337, 7.361799, 17.854, GO14067_LC|GO14012_LC|GO14018_LC
248660752, 159.881606, 7.388029, 17.85, GO14067_LC|GO14012_LC|GO14018_LC
248663141, 157.984815, 7.446123, 18.055, GO14067_LC|GO14012_LC|GO14018_LC
248666674, 158.500187, 7.535396, 17.705, GO14067_LC|GO14012_LC|GO14018_LC
248671305, 160.04851, 7.650188, 18.01, GO14067_LC|GO14012_LC|GO14018_LC
248676218, 161.466861, 7.772091, 18.2, GO14067_LC|GO14012_LC|GO14018_LC
248680268, 153.823463, 7.870028, 16.969, GO14012_LC|GO14018_LC
248682489, 158.934565, 7.923514, 16.24, GO14067_LC|GO14012_LC|GO14018_LC
248691809, 163.947233, 8.145218, 13.916, GO14012_LC|GO14018_LC|GO14018_SC
248695811, 155.183618, 8.23984, 13.427, GO14067_LC|GO14012_LC|GO14018_LC|GO14063_LC|GO14052_LC
248718280, 160.758651, 8.753182, 18.402, GO14067_LC|GO14012_LC|GO14018_LC
248743680, 162.121929, 9.327052, 18.142, GO14067_LC|GO14018_LC
248744078, 161.751885, 9.337385, 18.053, GO14067_LC|GO14012_LC|GO14018_LC
248745301, 159.885832, 9.365522, 17.385, GO14067_LC|GO14012_LC|GO14018_LC
248750733, 160.962007, 9.493158, 18.662, GO14067_LC|GO14012_LC|GO14018_LC|GO14005_LC
248751905, 160.632634, 9.520331, 18.333, GO14067_LC|GO14012_LC|GO14018_LC
248755514, 164.201294, 9.60446, 16.825, GO14012_LC|GO14018_LC
248759672, 159.136377, 9.706072, 18.727, GO14067_LC|GO14012_LC|GO14018_LC
248766826, 161.467895, 9.876228, 17.751, GO14067_LC|GO14012_LC|GO14018_LC
248767646, 160.811245, 9.895591, 17.7, GO14067_LC|GO14012_LC|GO14018_LC
248777799, 154.386846, 10.14621, 18.092, GO14067_LC|GO14012_LC|GO14018_LC
248779449, 159.007869, 10.187454, 18.121, GO14067_LC|GO14012_LC|GO14018_LC
248849283, 159.04222, 11.887527, 18.75, GO14067_LC|GO14012_LC|GO14018_LC
248862470, 160.896182, 12.220825, 17.492, GO14067_LC|GO14012_LC|GO14018_LC|GO14063_LC
248863078, 163.673669, 12.235692, 17.149, GO14067_LC|GO14012_LC|GO14018_LC|GO14052_LC
248864625, 158.287665, 12.274039, 16.491, GO14067_LC|GO14012_LC|GO14018_LC
248891072, 158.713228, 12.977992, 17.51, GO14067_LC|GO14012_LC|GO14018_LC
248908851, 162.47686, 13.517982, 18.529, GO14067_LC|GO14012_LC|GO14018_LC
201885041, 164.120109, 7.01454, 11.585, GO14082_LC|GO14025_LC|GO14067_LC|GO14012_LC|GO14072_LC|GO14018_LC|GO14056_LC|GO14030_LC|GO14063_LC|GO14052_LC|GO14005_LC|GO14082_SC|GO14072_SC
248601792, 163.059258, 5.919405, 13.343, GO14014_LC|GO14072_LC|GO14056_LC|GO14030_LC|GO14063_LC|GO14052_LC|GO14072_SC
248856413, 165.210143, 12.069655, 14.311, GO14072_LC|GO14056_LC|GO14030_LC|GO14052_LC|GO14072_SC
204407831, 239.950087, -22.454525, 15.604, GO15043_LC|GO15067_LC|GO15012_LC|GO15018_LC|GO15065_LC
204594600, 239.700552, -21.692745, 16.008, GO15043_LC|GO15012_LC|GO15018_LC|GO15023_LC
249343675, 230.77739, -23.797955, 15.562, GO15067_LC|GO15012_LC|GO15018_LC|GO15065_LC|GO15018_SC
249472713, 233.289076, -22.08526, 15.162, GO15012_LC|GO15018_LC
249639465, 226.865825, -20.011995, 13.206, GO15067_LC|GO15012_LC|GO15018_LC|GO15005_LC|GO15065_LC|GO15018_SC
249903099, 237.243085, -16.600517, 15.231, GO15067_LC|GO15012_LC|GO15018_LC|GO15065_LC|GO15018_SC
249914869, 226.948719, -16.460728, 14.172, GO15012_LC|GO15018_LC|GO15063_LC|GO15065_LC|GO15018_SC
211411366, 130.109247, 11.812298, 17.421, GO16012_LC|GO16018_LC
211439338, 133.995134, 12.235982, 18.875, GO16012_LC|GO16018_LC
211458709, 132.643729, 12.533139, 17.127, GO16012_LC|GO16018_LC
211460625, 133.417297, 12.561251, 16.814, GO16012_LC|GO16018_LC
211464826, 133.20849, 12.626325, 17.73, GO16012_LC|GO16018_LC
211467731, 134.008805, 12.67086, 18.322, GO16012_LC|GO16018_LC|GO16067_LC
211478560, 130.870911, 12.829493, 17.664, GO16012_LC|GO16018_LC
211493031, 131.375327, 13.039326, 17.924, GO16012_LC|GO16018_LC
211563696, 130.957636, 14.034815, 17.946, GO16012_LC|GO16018_LC
211616100, 132.912928, 14.759133, 15.628, GO16012_LC|GO16018_LC
211631830, 131.86783, 14.982729, 17.854, GO16012_LC|GO16018_LC
211646606, 129.548139, 15.187642, 18.199, GO16018_LC|GO16067_LC
211707676, 130.22681, 16.016886, 16.786, GO16012_LC|GO16018_LC|GO16022_LC|GO16060_LC
211738457, 130.458106, 16.444883, 18.062, GO16012_LC|GO16018_LC
211740609, 129.618772, 16.475046, 18.48, GO16005_LC|GO16012_LC|GO16018_LC
211742071, 130.421667, 16.496342, 17.567, GO16012_LC|GO16018_LC
211758584, 133.409548, 16.728647, 16.741, GO16012_LC|GO16018_LC
211759353, 131.189545, 16.739414, 18.9, GO16012_LC|GO16018_LC|GO16031_LC|GO16060_LC
211770368, 130.122553, 16.895355, 18.634, GO16012_LC|GO16018_LC
211845911, 133.110979, 17.961969, 18.812, GO16012_LC|GO16018_LC
211847385, 129.804079, 17.981707, 17.353, GO16012_LC|GO16018_LC
211854467, 134.745481, 18.079552, 17.869, GO16012_LC|GO16018_LC|GO16067_LC
211869078, 135.680443, 18.280912, 18.486, GO16005_LC|GO16012_LC|GO16018_LC
211869873, 132.817816, 18.291731, 18.112, GO16012_LC|GO16018_LC|GO16067_LC
211877519, 134.487358, 18.401028, 17.957, GO16012_LC|GO16018_LC
211877657, 130.123962, 18.40255, 12.673, GO16005_LC|GO16012_LC|GO16018_LC|GO16030_LC|GO16052_LC|GO16063_LC
211892842, 130.530514, 18.621372, 17.886, GO16012_LC|GO16018_LC|GO16060_LC
211908843, 133.389635, 18.858454, 17.896, GO16012_LC|GO16018_LC
211912744, 138.720195, 18.916422, 16.526, GO16012_LC|GO16018_LC
211916047, 134.455912, 18.966202, 17.764, GO16012_LC|GO16018_LC
211917847, 132.932852, 18.992962, 17.687, GO16012_LC|GO16018_LC
211928727, 130.289617, 19.155697, 18.699, GO16012_LC|GO16018_LC|GO16031_LC
211934172, 130.245439, 19.237984, 18.705, GO16012_LC|GO16018_LC|GO16022_LC|GO16060_LC
211947924, 134.020133, 19.442053, 18.903, GO16012_LC|GO16018_LC
211964067, 133.569301, 19.687393, 17.446, GO16012_LC|GO16018_LC|GO16060_LC
211969262, 131.797552, 19.765329, 18.392, GO16012_LC|GO16018_LC
211996000, 135.762983, 20.188625, 17.766, GO16012_LC|GO16018_LC
212002661, 127.225454, 20.298323, 18.013, GO16012_LC|GO16018_LC|GO16060_LC
212008870, 127.785041, 20.401182, 17.474, GO16012_LC|GO16018_LC
212013999, 134.32405, 20.486818, 18.312, GO16012_LC|GO16018_LC
212015599, 128.871665, 20.513857, 18.138, GO16005_LC|GO16012_LC|GO16018_LC
212017281, 128.008202, 20.541706, 18.164, GO16012_LC|GO16018_LC
212019105, 126.540474, 20.570967, 16.892, GO16012_LC|GO16018_LC
212021699, 127.868424, 20.615244, 17.885, GO16012_LC|GO16018_LC
212022056, 126.938609, 20.621183, 17.426, GO16012_LC|GO16018_LC
212022763, 126.620861, 20.632746, 18.203, GO16012_LC|GO16018_LC
212027121, 127.989263, 20.705931, 17.847, GO16012_LC|GO16018_LC
212028433, 127.31235, 20.728119, 18.205, GO16012_LC|GO16018_LC
212032430, 135.958587, 20.795139, 19.054, GO16012_LC|GO16018_LC
212044515, 128.222709, 21.003181, 17.946, GO16012_LC|GO16018_LC|GO16067_LC
212051014, 127.470823, 21.11754, 18.684, GO16012_LC|GO16018_LC|GO16067_LC
212059071, 126.643396, 21.258726, 17.839, GO16012_LC|GO16018_LC
212066577, 136.765193, 21.393881, 17.673, GO16012_LC|GO16018_LC
212067906, 126.857699, 21.417727, 18.815, GO16012_LC|GO16018_LC
212067916, 128.90187, 21.417801, 18.099, GO16012_LC|GO16018_LC|GO16067_LC
212072712, 127.007957, 21.505678, 17.897, GO16012_LC|GO16018_LC
212075399, 133.145402, 21.555073, 17.342, GO16012_LC|GO16018_LC
212077206, 133.948754, 21.588945, 16.608, GO16012_LC|GO16018_LC
212078253, 134.920836, 21.607233, 18.188, GO16012_LC|GO16018_LC
212080001, 128.490226, 21.641556, 17.6, GO16012_LC|GO16018_LC|GO16067_LC
212081772, 137.683159, 21.67293, 18.031, GO16012_LC|GO16018_LC
212083796, 128.843313, 21.711617, 17.726, GO16012_LC|GO16018_LC|GO16067_LC
212089454, 128.58998, 21.816275, 18.135, GO16012_LC|GO16018_LC|GO16067_LC
212090371, 135.097968, 21.834477, 11.981, GO16005_LC|GO16018_LC|GO16030_LC|GO16052_LC|GO16056_LC|GO16063_LC|GO16072_LC|GO16072_SC
212098179, 137.371309, 21.985786, 18.084, GO16012_LC|GO16018_LC
212102189, 127.613506, 22.062668, 17.133, GO16012_LC|GO16018_LC
212106355, 136.281481, 22.146194, 18.038, GO16012_LC|GO16018_LC
212111539, 135.042086, 22.249088, 18.0, GO16012_LC|GO16018_LC
212111554, 134.522912, 22.249502, 16.67, GO16012_LC|GO16018_LC
212117165, 136.544114, 22.360041, 18.211, GO16012_LC|GO16018_LC
212117236, 128.617605, 22.3615, 17.953, GO16012_LC|GO16018_LC
212119590, 128.939067, 22.408632, 17.211, GO16012_LC|GO16018_LC|GO16067_LC
212127137, 133.496552, 22.560087, 17.818, GO16012_LC|GO16018_LC
212130922, 127.505853, 22.636833, 18.613, GO16012_LC|GO16018_LC
212155930, 132.643829, 23.163855, 17.985, GO16012_LC|GO16018_LC
212156288, 134.43698, 23.171358, 17.758, GO16012_LC|GO16018_LC
212158934, 130.157506, 23.230766, 17.689, GO16012_LC|GO16018_LC
212162176, 133.609702, 23.30221, 18.96, GO16012_LC|GO16018_LC
212162487, 129.868619, 23.310183, 18.09, GO16012_LC|GO16018_LC
212170651, 129.774803, 23.502945, 18.857, GO16012_LC|GO16018_LC
212175383, 134.832724, 23.617702, 16.492, GO16018_LC
212183917, 133.13587, 23.842665, 18.268, GO16012_LC|GO16018_LC
212183961, 133.382993, 23.843685, 17.101, GO16012_LC|GO16018_LC|GO16067_LC
212184948, 132.894454, 23.870983, 16.939, GO16012_LC|GO16018_LC|GO16067_LC
212196866, 133.069497, 24.195242, 18.259, GO16012_LC|GO16018_LC|GO16067_LC
212216110, 129.872439, 24.807875, 17.034, GO16012_LC|GO16018_LC|GO16067_LC
251287438, 139.600382, 15.242834, 16.627, GO16012_LC|GO16018_LC
251314012, 140.822831, 17.996485, 18.907, GO16012_LC|GO16018_LC
251317744, 139.340166, 18.324823, 18.912, GO16012_LC|GO16018_LC
251340486, 139.44123, 20.293373, 17.874, GO16012_LC|GO16018_LC
251347715, 141.079466, 20.886778, 18.238, GO16012_LC|GO16018_LC
251355936, 139.658989, 21.568283, 17.133, GO16012_LC|GO16018_LC
251357067, 139.062698, 21.664244, 14.55, GO16012_LC|GO16018_LC|GO16067_LC|GO16018_SC
251358654, 140.489818, 21.806606, 17.816, GO16012_LC|GO16018_LC
251359579, 139.845627, 21.88203, 18.511, GO16012_LC|GO16018_LC
251362678, 139.34167, 22.129421, 18.126, GO16012_LC|GO16018_LC
251364084, 138.064998, 22.238585, 17.253, GO16012_LC|GO16018_LC
251365679, 137.269758, 22.357634, 17.56, GO16012_LC|GO16018_LC
251385331, 137.54245, 23.829952, 15.747, GO16012_LC|GO16018_LC
251394129, 137.229502, 24.425194, 18.907, GO16012_LC|GO16018_LC|GO16067_LC
251394211, 138.188497, 24.430386, 18.365, GO16012_LC|GO16018_LC|GO16067_LC
251394863, 136.489489, 24.471724, 18.194, GO16012_LC|GO16018_LC|GO16067_LC
251395427, 137.144694, 24.507771, 18.017, GO16012_LC|GO16018_LC|GO16067_LC
251396437, 134.912393, 24.57391, 17.444, GO16012_LC|GO16018_LC
251397724, 138.166891, 24.650553, 16.964, GO16012_LC|GO16018_LC|GO16067_LC
251402226, 136.922652, 24.916964, 17.954, GO16012_LC|GO16018_LC
251403541, 138.396684, 24.994251, 17.979, GO16012_LC|GO16018_LC|GO16067_LC
251404208, 137.707351, 25.03162, 17.721, GO16012_LC|GO16018_LC|GO16067_LC
251405376, 135.862108, 25.097836, 17.689, GO16012_LC|GO16018_LC|GO16067_LC
251406926, 134.901977, 25.185841, 18.135, GO16012_LC|GO16018_LC|GO16067_LC
251407310, 136.602592, 25.210575, 17.824, GO16012_LC|GO16018_LC|GO16067_LC
251408963, 133.298608, 25.30171, 17.827, GO16012_LC|GO16018_LC|GO16067_LC
212090371, 135.097968, 21.834477, 11.981, GO16005_LC|GO16018_LC|GO16030_LC|GO16052_LC|GO16056_LC|GO16063_LC|GO16072_LC|GO16072_SC
203806838, 246.902548, -24.860025, 18.526, GO2045_LC|GO2114_LC|GO2044_SC
204120066, 242.127038, -23.58638, 16.33, GO2010_LC|GO2045_LC|GO2047_LC|GO2085_LC|GO2092_LC|GO2114_LC|GO2044_SC
204179868, 241.811588, -23.350307, 18.307, GO2045_LC|GO2085_LC|GO2092_LC|GO2044_SC
204371512, 242.197685, -22.596609, 17.325, GO2010_LC|GO2045_LC|GO2047_LC|GO2085_LC|GO2092_LC|GO2114_LC|GO2044_SC
204385932, 242.076817, -22.54023, 17.669, GO2010_LC|GO2045_LC|GO2085_LC|GO2092_LC|GO2114_LC|GO2044_SC
205529382, 246.369183, -16.980818, 15.007, GO2045_LC|GO2047_LC|GO2052_LC|GO2092_LC|GO2114_LC|GO2044_SC
202955563, 243.585894, -27.763826, 16.027, GO2010_LC|GO2045_LC
203065387, 242.462817, -27.3783, 15.73, GO2020_LC|GO2045_LC|GO2052_LC|GO2092_LC|GO2106_LC
203782748, 247.401025, -24.94799, 15.927, GO2020_LC|GO2045_LC|GO2047_LC|GO2052_LC
203783521, 240.110311, -24.945135, 17.498, GO2020_LC|GO2045_LC|GO2106_LC
203795359, 247.124681, -24.90173, 17.005, GO2045_LC|GO2114_LC
203806838, 246.902548, -24.860025, 18.526, GO2045_LC|GO2114_LC|GO2044_SC
203837701, 246.591244, -24.744379, 13.73, GO2045_LC|GO2051_LC|GO2052_LC|GO2085_LC|GO2092_LC|GO2114_LC
203837965, 243.979497, -24.743473, 14.725, GO2020_LC|GO2045_LC|GO2047_LC|GO2052_LC|GO2092_LC|GO2106_LC
203859539, 246.568027, -24.658501, 17.461, GO2045_LC
203881856, 246.385067, -24.568077, 16.424, GO2045_LC|GO2114_LC
203887643, 246.713684, -24.544996, 16.741, GO2045_LC|GO2049_LC|GO2085_LC|GO2092_LC|GO2114_LC
203904426, 246.774901, -24.476757, 18.192, GO2045_LC|GO2085_LC|GO2092_LC|GO2114_LC
203910454, 243.561835, -24.452261, 15.012, GO2045_LC|GO2047_LC|GO2052_LC
203912136, 242.765038, -24.445261, 16.264, GO2020_LC|GO2045_LC|GO2092_LC|GO2106_LC|GO2114_LC
203912637, 246.635524, -24.44318, 18.504, GO2045_LC|GO2092_LC|GO2114_LC
203914316, 246.578419, -24.436256, 16.252, GO2045_LC|GO2085_LC|GO2092_LC|GO2114_LC
203915424, 246.860756, -24.431774, 14.333, GO2045_LC|GO2052_LC|GO2085_LC|GO2114_LC
203915766, 245.172688, -24.430326, 15.769, GO2020_LC|GO2045_LC|GO2052_LC|GO2092_LC|GO2106_LC
203922515, 246.592788, -24.401962, 17.984, GO2045_LC|GO2085_LC|GO2114_LC
203923457, 246.592441, -24.397877, 17.176, GO2045_LC|GO2085_LC|GO2092_LC|GO2114_LC
203925433, 246.661682, -24.389648, 16.456, GO2045_LC|GO2085_LC|GO2114_LC
203937768, 243.796503, -24.337591, 15.594, GO2020_LC|GO2045_LC|GO2047_LC|GO2052_LC|GO2092_LC
203943974, 246.774695, -24.311171, 18.689, GO2045_LC|GO2085_LC|GO2114_LC
203987642, 246.827228, -24.122728, 16.266, GO2045_LC
204078097, 242.493853, -23.755169, 13.992, GO2010_LC|GO2020_LC|GO2045_LC|GO2047_LC|GO2052_LC|GO2085_LC|GO2092_LC|GO2106_LC
204078986, 242.031053, -23.751549, 15.786, GO2010_LC|GO2020_LC|GO2045_LC|GO2047_LC|GO2052_LC|GO2085_LC|GO2106_LC
204086791, 242.372445, -23.720034, 16.744, GO2010_LC|GO2020_LC|GO2045_LC|GO2047_LC|GO2085_LC|GO2106_LC
204103213, 243.589342, -23.654079, 16.478, GO2010_LC|GO2045_LC|GO2085_LC|GO2106_LC
204107127, 245.77458, -23.638248, 17.872, GO2045_LC|GO2092_LC
204107757, 239.004338, -23.635588, 15.195, GO2045_LC|GO2052_LC|GO2092_LC
204108293, 239.79733, -23.6334, 17.303, GO2020_LC|GO2045_LC|GO2092_LC|GO2106_LC
204120066, 242.127038, -23.58638, 16.33, GO2010_LC|GO2045_LC|GO2047_LC|GO2085_LC|GO2092_LC|GO2114_LC|GO2044_SC
204127255, 244.279597, -23.557457, 17.292, GO2045_LC
204179868, 241.811588, -23.350307, 18.307, GO2045_LC|GO2085_LC|GO2092_LC|GO2044_SC
204190916, 241.179317, -23.307194, 16.316, GO2020_LC|GO2045_LC|GO2047_LC|GO2092_LC
204195050, 245.964832, -23.290842, 14.879, GO2020_LC|GO2045_LC|GO2047_LC|GO2052_LC|GO2092_LC
204204469, 242.625606, -23.254652, 15.727, GO2010_LC|GO2045_LC|GO2047_LC|GO2052_LC|GO2085_LC|GO2106_LC
204241103, 240.329815, -23.110945, 16.094, GO2020_LC|GO2045_LC|GO2092_LC|GO2106_LC
204247509, 239.857994, -23.085611, 15.074, GO2020_LC|GO2045_LC|GO2047_LC|GO2052_LC|GO2092_LC|GO2106_LC
204247811, 243.300491, -23.084219, 15.403, GO2045_LC|GO2047_LC|GO2052_LC|GO2092_LC
204250417, 243.806712, -23.073921, 17.19, GO2045_LC|GO2047_LC
204284515, 240.081011, -22.941326, 15.931, GO2020_LC|GO2045_LC|GO2047_LC|GO2052_LC|GO2092_LC|GO2106_LC
204341806, 241.908294, -22.713009, 18.521, GO2010_LC|GO2020_LC|GO2045_LC|GO2085_LC|GO2092_LC|GO2114_LC
204344180, 243.636959, -22.703707, 16.775, GO2010_LC|GO2020_LC|GO2045_LC|GO2047_LC|GO2085_LC
204354278, 242.69642, -22.663685, 16.886, GO2010_LC|GO2045_LC|GO2047_LC|GO2085_LC|GO2092_LC|GO2114_LC
204366852, 242.140014, -22.615005, 16.455, GO2045_LC
204371512, 242.197685, -22.596609, 17.325, GO2010_LC|GO2045_LC|GO2047_LC|GO2085_LC|GO2092_LC|GO2114_LC|GO2044_SC
204385932, 242.076817, -22.54023, 17.669, GO2010_LC|GO2045_LC|GO2085_LC|GO2092_LC|GO2114_LC|GO2044_SC
204418005, 242.268814, -22.414553, 14.346, GO2010_LC|GO2020_LC|GO2045_LC|GO2047_LC|GO2052_LC|GO2085_LC
204439731, 243.41998, -22.329437, 16.218, GO2010_LC|GO2020_LC|GO2045_LC|GO2047_LC|GO2085_LC|GO2106_LC
204450240, 242.821325, -22.28816, 15.714, GO2020_LC|GO2045_LC|GO2047_LC|GO2052_LC|GO2092_LC
204464537, 246.734162, -22.231096, 14.808, GO2020_LC|GO2045_LC|GO2047_LC|GO2052_LC|GO2092_LC
204538466, 242.499612, -21.928471, 16.848, GO2045_LC|GO2092_LC
204614722, 242.46738, -21.607706, 13.933, GO2010_LC|GO2020_LC|GO2045_LC|GO2047_LC|GO2052_LC
204649301, 242.525341, -21.462229, 16.292, GO2010_LC|GO2020_LC|GO2045_LC|GO2092_LC|GO2106_LC
204730095, 239.020713, -21.112816, 15.477, GO2020_LC|GO2045_LC|GO2047_LC|GO2052_LC|GO2092_LC
204756726, 242.375792, -20.998228, 15.343, GO2020_LC|GO2045_LC|GO2047_LC|GO2052_LC|GO2092_LC
204791347, 240.5179, -20.845158, 14.182, GO2045_LC|GO2052_LC|GO2092_LC|GO2106_LC
204803505, 243.049416, -20.790756, 14.992, GO2020_LC|GO2045_LC|GO2047_LC|GO2052_LC|GO2092_LC
204811478, 238.98336, -20.755199, 15.227, GO2020_LC|GO2045_LC|GO2052_LC|GO2092_LC|GO2106_LC
204820244, 238.770079, -20.716082, 16.208, GO2045_LC|GO2106_LC
204914881, 243.719118, -20.287033, 16.836, GO2045_LC|GO2092_LC
204924055, 239.931936, -20.244335, 15.563, GO2020_LC|GO2045_LC|GO2092_LC|GO2106_LC
204949180, 242.326549, -20.126371, 17.608, GO2045_LC
204949182, 242.325617, -20.126366, 17.788, GO2045_LC
205007364, 245.681672, -19.851802, 15.9, GO2045_LC
205007401, 245.682727, -19.851603, 13.744, GO2020_LC|GO2045_LC|GO2047_LC|GO2052_LC|GO2092_LC
205167772, 243.196957, -19.064766, 14.176, GO2003_LC|GO2045_LC|GO2047_LC|GO2052_LC
205355375, 242.825874, -18.066265, 15.129, GO2003_LC|GO2045_LC|GO2047_LC|GO2052_LC|GO2106_LC
205358744, 242.152469, -18.047152, 17.469, GO2045_LC
205529382, 246.369183, -16.980818, 15.007, GO2045_LC|GO2047_LC|GO2052_LC|GO2092_LC|GO2114_LC|GO2044_SC
210282513, 243.11521, -21.94464, 18.0, GO2045_LC
210282514, 246.58088, -24.46219, 18.0, GO2045_LC
210282515, 246.94392, -24.09978, 18.0, GO2045_LC
210282516, 246.51367, -24.50719, 18.0, GO2045_LC
210282517, 247.04354, -24.40558, 18.0, GO2045_LC
210282518, 242.48475, -22.37931, 18.0, GO2045_LC
210282519, 246.73488, -24.68902, 18.0, GO2045_LC
210282520, 247.04838, -24.62497, 18.0, GO2045_LC
206050032, 337.226671, -13.421627, 13.211, GO3044_SC|GO3013_SC|GO3051_LC|GO3049_LC|GO3045_LC|GO3107_LC|GO3073_LC|GO3070_LC
206053352, 333.711278, -13.333078, 14.785, GO3044_SC|GO3106_LC|GO3045_LC|GO3107_LC
206135809, 330.546894, -11.162809, 14.902, GO3044_SC|GO3051_LC|GO3049_LC|GO3045_LC|GO3107_LC
206169988, 343.118768, -10.319627, 18.583, GO3044_SC|GO3045_LC|GO3107_LC
206050032, 337.226671, -13.421627, 13.211, GO3044_SC|GO3013_SC|GO3051_LC|GO3049_LC|GO3045_LC|GO3107_LC|GO3073_LC|GO3070_LC
206053352, 333.711278, -13.333078, 14.785, GO3044_SC|GO3106_LC|GO3045_LC|GO3107_LC
206135809, 330.546894, -11.162809, 14.902, GO3044_SC|GO3051_LC|GO3049_LC|GO3045_LC|GO3107_LC
206169988, 343.118768, -10.319627, 18.583, GO3044_SC|GO3045_LC|GO3107_LC
206173821, 342.841501, -10.239603, 17.598, GO3045_LC
206181579, 343.672411, -10.088757, 18.615, GO3045_LC|GO3107_LC
206184645, 343.599285, -10.029278, 18.248, GO3045_LC
206185256, 344.175727, -10.017458, 18.131, GO3045_LC
206187664, 344.348082, -9.972387, 18.345, GO3045_LC
206194689, 342.801024, -9.848868, 16.974, GO3045_LC
206213997, 338.375062, -9.536392, 18.394, GO3045_LC
206215073, 343.315149, -9.519829, 18.231, GO3045_LC
206235652, 339.067079, -9.206474, 17.892, GO3045_LC
206244023, 343.000647, -9.079531, 17.834, GO3045_LC
206262805, 339.62565, -8.79637, 17.936, GO3045_LC
206284791, 338.676212, -8.472015, 16.411, GO3106_LC|GO3045_LC
206296292, 339.023034, -8.29787, 17.385, GO3045_LC
206346508, 331.029252, -7.505749, 18.543, GO3045_LC
206494490, 333.821575, -4.988832, 17.452, GO3045_LC|GO3107_LC
210327027, 58.847376, 11.562141, 15.399, GO4036_SC|GO4036_LC|GO4030_LC|GO4081_LC
210457230, 58.833955, 14.658253, 15.168, GO4036_SC|GO4036_LC
210522262, 61.781358, 15.779381, 16.935, GO4036_LC|GO4057_LC|GO4030_LC|GO4081_LC
210764183, 51.685567, 19.325264, 14.444, GO4036_SC|GO4039_SC|GO4036_LC|GO4011_LC|GO4039_LC
210879793, 62.28961, 21.077606, 16.968, GO4036_LC|GO4057_LC|GO4030_LC|GO4081_LC
210998473, 58.924646, 22.950466, 17.615, GO4036_LC|GO4057_LC|GO4030_LC
211003775, 52.177733, 23.034775, 18.253, GO4036_LC|GO4030_LC|GO4081_LC
211046195, 53.758697, 23.709892, 14.792, GO4036_SC|GO4036_LC|GO4057_LC|GO4011_LC|GO4081_LC
211073549, 56.461056, 24.151052, 17.334, GO4036_SC|GO4026_LC|GO4036_LC|GO4057_LC|GO4024_LC
211088076, 56.824686, 24.375475, 17.83, GO4026_LC|GO4036_LC|GO4081_LC|GO4024_LC
211096282, 55.91787, 24.503166, 17.876, GO4026_LC|GO4036_LC|GO4081_LC|GO4024_LC
211097372, 55.973051, 24.519865, 18.392, GO4026_LC|GO4036_LC|GO4024_LC
211328277, 130.888478, 10.413071, 17.798, GO5036_SC|GO5081_LC|GO5030_LC|GO5036_LC
211329075, 127.983268, 10.428261, 14.951, GO5036_SC|GO5039_SC|GO5036_LC|GO5039_LC
211332457, 128.848607, 10.492178, 14.465, GO5036_SC|GO5036_LC|GO5081_LC
211357895, 132.649725, 10.954338, 18.0, GO5023_LC|GO5036_LC|GO5081_LC|GO5030_LC
211628806, 127.277674, 14.939601, 16.15, GO5036_SC|GO5036_LC|GO5081_LC|GO5030_LC
211680042, 127.842566, 15.647536, 17.266, GO5036_LC|GO5081_LC|GO5030_LC
211727819, 129.38677, 16.293901, 18.144, GO5036_LC|GO5081_LC|GO5030_LC
211891128, 129.218309, 18.595991, 18.046, GO5036_LC|GO5081_LC|GO5030_LC
211962038, 126.677623, 19.656242, 17.713, GO5036_SC|GO5036_LC|GO5081_LC
211963497, 137.450931, 19.678574, 16.132, GO5036_SC|GO5039_SC|GO5036_LC|GO5081_LC|GO5030_LC|GO5039_LC
211970944, 124.469425, 19.791103, 17.037, GO5036_LC|GO5081_LC
211978512, 136.379267, 19.909292, 17.434, GO5036_LC|GO5081_LC|GO5030_LC
211981633, 129.499046, 19.95775, 17.889, GO5036_LC|GO5081_LC|GO5030_LC
212028433, 127.31235, 20.728119, 18.205, GO5036_LC|GO5048_LC|GO5081_LC
212102189, 127.613506, 22.062668, 17.133, GO5036_LC|GO5081_LC
212111554, 134.522912, 22.249502, 16.67, GO5036_LC|GO5081_LC|GO5030_LC
212127137, 133.496552, 22.560087, 17.818, GO5036_LC|GO5081_LC|GO5030_LC
212128548, 134.199742, 22.58839, 17.151, GO5023_LC|GO5036_LC|GO5057_LC|GO5081_LC|GO5030_LC
212136544, 127.858677, 22.749638, 16.323, GO5036_LC|GO5081_LC
212178513, 127.899756, 23.697451, 18.19, GO5036_SC|GO5036_LC|GO5011_LC|GO5081_LC
212287292, 204.8604736, -17.9181499, 14.796, GO6002_LC|GO6006_LC
212402103, 205.0480042, -14.8664322, 14.835, GO6002_LC|GO6006_LC|GO6008_LC
212411722, 209.3123932, -14.6480494, 14.21, GO6002_LC|GO6006_LC|GO6008_LC
212521662, 205.7947845, -12.2737808, 18.744, GO6006_LC
212820594, 202.5096741, -4.8889508, 14.665, GO6002_LC|GO6006_LC|GO6008_LC|GO6037_LC|GO6006_SC
212826600, 203.1017761, -4.6868572, 13.755, GO6002_LC|GO6006_LC|GO6008_LC|GO6037_LC|GO6006_SC
229227169, 208.28127, -8.953349, 20.0, GO6006_LC
217976219, 287.2842102, -19.6299896, 15.902, GO7006_LC|GO7037_LC|GO7002_LC|GO7006_SC
218498792, 293.7133179, -18.6929455, 17.16, GO7006_LC|GO7002_LC|GO7037_LC
220170497, 13.7462835, -1.1875139, 17.417, GO8030_LC|GO8054_LC
220181289, 15.7977448, -0.738083, 15.652, GO8030_LC|GO8054_LC
220186653, 13.5272961, -0.517188, 17.207, GO8030_LC|GO8054_LC
220195098, 12.0360041, -0.188392, 17.367, GO8030_LC|GO8054_LC
220195996, 13.5412712, -0.154447, 15.864, GO8030_LC|GO8054_LC
220197688, 11.7322865, -0.088671, 16.687, GO8030_LC|GO8054_LC
220203045, 19.9361343, 0.105032, 16.896, GO8030_LC|GO8054_LC
220220365, 13.0973034, 0.71969, 18.07, GO8030_LC|GO8054_LC
